id,apartments,apartments_with_1_room,apartments_with_2_rooms,apartments_with_3_rooms,apartments_with_4_rooms,apartments_with_5_rooms,apartments_with_6_rooms,apartments_with_7_rooms_or_more,apartments_rooms,apartments_living_area,residential_buildings,residential_buildings_living_area,residential_buildings_apartments,residential_buildings_with_1_apartment,residential_buildings_with_1_apartment_living_area,residential_buildings_with_2_apartments,residential_buildings_with_2_apartments_living_area,residential_buildings_with_2_apartments_apartments,residential_buildings_with_3_apartments,residential_buildings_with_3_apartments_living_area,residential_buildings_with_3_apartments_apartments
01011102,181.0,107.0,26.0,19.0,16.0,7.0,6.0,0.0,351.0,90.0,7.0,84.0,174.0,0.0,0.0,1.0,2.0,2.0,6.0,82.0,172.0
01011103,2738.0,117.0,511.0,1156.0,578.0,223.0,86.0,546.0,9096.0,2096.0,233.0,1684.0,2189.0,17.0,19.0,38.0,83.0,76.0,178.0,1582.0,2096.0
01011104,2013.0,205.0,413.0,620.0,517.0,179.0,55.0,182.0,6366.0,1503.0,133.0,1317.0,1621.0,2.0,3.0,3.0,4.0,6.0,128.0,1310.0,1613.0
01011105,1050.0,45.0,158.0,325.0,295.0,152.0,51.0,185.0,3767.0,1064.0,46.0,1031.0,1006.0,0.0,0.0,1.0,1.0,2.0,45.0,1030.0,1004.0
01011201,1372.0,36.0,110.0,131.0,599.0,476.0,10.0,77.0,5562.0,1158.0,70.0,1006.0,1244.0,0.0,0.0,0.0,0.0,0.0,70.0,1006.0,1244.0
01011202,413.0,11.0,71.0,150.0,96.0,61.0,16.0,76.0,1464.0,428.0,30.0,283.0,305.0,2.0,3.0,2.0,5.0,4.0,26.0,275.0,299.0
01011203,670.0,44.0,160.0,164.0,176.0,94.0,23.0,82.0,2250.0,600.0,45.0,428.0,506.0,6.0,21.0,2.0,5.0,4.0,37.0,402.0,496.0
01011204,4770.0,328.0,1066.0,1349.0,1261.0,503.0,139.0,951.0,15851.0,3576.0,172.0,3391.0,4608.0,19.0,51.0,16.0,47.0,32.0,137.0,3293.0,4557.0
01011301,4557.0,270.0,1189.0,1691.0,842.0,413.0,88.0,487.0,14169.0,3524.0,292.0,3121.0,4045.0,16.0,23.0,10.0,21.0,20.0,266.0,3077.0,4009.0
01011302,7132.0,261.0,1342.0,2249.0,2031.0,881.0,254.0,927.0,24672.0,5719.0,653.0,5197.0,6557.0,28.0,33.0,14.0,40.0,28.0,611.0,5124.0,6501.0
01011303,6042.0,608.0,1608.0,1524.0,1725.0,458.0,89.0,221.0,18341.0,3699.0,277.0,3429.0,5730.0,3.0,6.0,6.0,12.0,12.0,268.0,3411.0,5715.0
01011304,4720.0,25.0,668.0,1643.0,1772.0,591.0,11.0,85.0,16484.0,3043.0,192.0,3041.0,4718.0,0.0,0.0,0.0,0.0,0.0,192.0,3041.0,4718.0
01011305,4488.0,163.0,779.0,1975.0,1045.0,469.0,53.0,33.0,14522.0,2739.0,200.0,2658.0,4402.0,2.0,2.0,1.0,1.0,2.0,197.0,2655.0,4398.0
01011306,4818.0,306.0,920.0,1292.0,1623.0,584.0,61.0,240.0,16040.0,3232.0,247.0,3110.0,4514.0,11.0,17.0,3.0,6.0,6.0,233.0,3087.0,4497.0
01011401,9222.0,437.0,2156.0,3382.0,2331.0,625.0,200.0,694.0,29238.0,6882.0,699.0,6662.0,8949.0,40.0,60.0,8.0,16.0,16.0,651.0,6586.0,8893.0
01011402,7399.0,291.0,1497.0,2884.0,2021.0,482.0,143.0,638.0,23927.0,5335.0,590.0,5233.0,7270.0,12.0,13.0,4.0,8.0,8.0,574.0,5212.0,7250.0
01022101,1910.0,110.0,671.0,788.0,240.0,78.0,17.0,47.0,5315.0,1191.0,98.0,1153.0,1866.0,0.0,0.0,0.0,0.0,0.0,98.0,1153.0,1866.0
01022102,3377.0,227.0,972.0,1349.0,622.0,144.0,45.0,147.0,9843.0,2072.0,222.0,2052.0,3344.0,2.0,1.0,2.0,3.0,4.0,218.0,2048.0,3338.0
01022103,92.0,10.0,38.0,25.0,15.0,3.0,1.0,0.0,242.0,61.0,10.0,54.0,83.0,1.0,1.0,2.0,4.0,4.0,7.0,49.0,78.0
01022104,10256.0,808.0,2661.0,3697.0,2153.0,684.0,179.0,592.0,30919.0,6706.0,643.0,6471.0,9875.0,5.0,5.0,4.0,6.0,8.0,634.0,6460.0,9862.0
01022105,2581.0,185.0,718.0,959.0,485.0,183.0,40.0,88.0,7681.0,1684.0,168.0,1661.0,2552.0,1.0,1.0,0.0,0.0,0.0,167.0,1660.0,2551.0
01022106,6443.0,244.0,1326.0,2274.0,1651.0,674.0,212.0,464.0,21428.0,4756.0,406.0,4669.0,6324.0,4.0,4.0,2.0,3.0,4.0,400.0,4662.0,6316.0
01022201,5720.0,306.0,1326.0,2011.0,1470.0,438.0,109.0,510.0,18225.0,4072.0,371.0,3952.0,5561.0,7.0,10.0,4.0,8.0,8.0,360.0,3934.0,5546.0
01022202,625.0,18.0,127.0,206.0,168.0,71.0,24.0,84.0,2145.0,479.0,54.0,476.0,623.0,0.0,0.0,0.0,0.0,0.0,54.0,476.0,623.0
01022203,3291.0,168.0,659.0,1227.0,942.0,220.0,63.0,91.0,10504.0,2212.0,236.0,2181.0,3248.0,0.0,0.0,1.0,2.0,2.0,235.0,2179.0,3246.0
01022204,3497.0,270.0,807.0,1339.0,596.0,311.0,131.0,316.0,10942.0,2535.0,228.0,2500.0,3460.0,4.0,4.0,5.0,10.0,10.0,219.0,2486.0,3446.0
01022205,1452.0,178.0,432.0,421.0,316.0,85.0,19.0,9.0,4117.0,976.0,100.0,943.0,1402.0,10.0,11.0,0.0,0.0,0.0,90.0,932.0,1392.0
01022206,1999.0,413.0,513.0,559.0,360.0,102.0,26.0,188.0,5410.0,1322.0,118.0,1320.0,1997.0,0.0,0.0,0.0,0.0,0.0,118.0,1320.0,1997.0
01022207,3693.0,566.0,1011.0,816.0,831.0,349.0,70.0,377.0,10902.0,2389.0,184.0,2214.0,3254.0,33.0,43.0,3.0,5.0,6.0,148.0,2166.0,3215.0
01033101,11764.0,437.0,2540.0,4933.0,2835.0,833.0,130.0,450.0,37051.0,7597.0,894.0,7483.0,11553.0,27.0,27.0,17.0,23.0,34.0,850.0,7433.0,11492.0
01033102,5271.0,169.0,1140.0,1909.0,1572.0,406.0,61.0,123.0,16983.0,3467.0,501.0,3392.0,5176.0,120.0,96.0,4.0,5.0,8.0,377.0,3291.0,5048.0
01033201,5729.0,174.0,1323.0,1765.0,1813.0,529.0,125.0,0.0,18762.0,3794.0,386.0,3722.0,5537.0,3.0,2.0,4.0,9.0,8.0,379.0,3711.0,5526.0
01033202,4523.0,63.0,728.0,2123.0,1275.0,297.0,31.0,51.0,14710.0,3001.0,282.0,2819.0,4209.0,13.0,14.0,1.0,3.0,2.0,268.0,2803.0,4194.0
01033203,6516.0,312.0,1538.0,2282.0,1752.0,504.0,93.0,259.0,20579.0,4231.0,421.0,4126.0,6382.0,2.0,1.0,2.0,4.0,4.0,417.0,4121.0,6376.0
01044101,11079.0,388.0,3060.0,4708.0,2030.0,652.0,177.0,496.0,33570.0,6938.0,1038.0,6862.0,10971.0,110.0,121.0,10.0,16.0,20.0,918.0,6725.0,10841.0
01044102,8877.0,206.0,1524.0,3868.0,2714.0,484.0,66.0,116.0,28646.0,5545.0,793.0,5302.0,8410.0,46.0,44.0,4.0,7.0,8.0,743.0,5251.0,8356.0
01044103,4331.0,263.0,1091.0,1603.0,906.0,361.0,72.0,274.0,13389.0,2823.0,295.0,2743.0,4179.0,4.0,4.0,1.0,1.0,2.0,290.0,2738.0,4173.0
01044201,9963.0,461.0,2399.0,3810.0,2444.0,691.0,99.0,463.0,30977.0,6643.0,721.0,6531.0,9800.0,1.0,1.0,6.0,7.0,12.0,714.0,6523.0,9787.0
01044202,8976.0,1218.0,2517.0,3205.0,1400.0,516.0,96.0,208.0,24831.0,5191.0,455.0,4873.0,7896.0,2.0,1.0,1.0,1.0,2.0,452.0,4871.0,7892.0
01044203,8325.0,406.0,2353.0,3594.0,1553.0,352.0,54.0,99.0,24289.0,5109.0,481.0,4942.0,8000.0,5.0,5.0,0.0,0.0,0.0,476.0,4937.0,7995.0
02010102,6421.0,442.0,1470.0,2203.0,1625.0,437.0,173.0,604.0,20318.0,4225.0,352.0,4157.0,6368.0,16.0,13.0,10.0,22.0,20.0,326.0,4122.0,6332.0
02010103,7137.0,453.0,1438.0,2765.0,1907.0,504.0,49.0,174.0,22240.0,4395.0,374.0,4335.0,7088.0,5.0,7.0,2.0,3.0,4.0,367.0,4325.0,7079.0
02010104,2167.0,13.0,481.0,732.0,646.0,206.0,53.0,291.0,7394.0,1614.0,119.0,1601.0,2157.0,1.0,1.0,2.0,3.0,4.0,116.0,1597.0,2152.0
02020201,496.0,0.0,137.0,168.0,124.0,45.0,15.0,53.0,1642.0,449.0,35.0,438.0,489.0,0.0,0.0,0.0,0.0,0.0,35.0,438.0,489.0
02020202,2922.0,182.0,561.0,864.0,740.0,374.0,140.0,467.0,10033.0,2297.0,225.0,2248.0,2868.0,3.0,2.0,2.0,4.0,4.0,220.0,2242.0,2861.0
02020203,6142.0,202.0,1303.0,2291.0,1451.0,627.0,178.0,716.0,20404.0,4718.0,469.0,4518.0,5926.0,61.0,69.0,10.0,16.0,20.0,398.0,4433.0,5845.0
02020204,6733.0,302.0,1462.0,2515.0,1602.0,562.0,212.0,611.0,21872.0,4803.0,486.0,4670.0,6556.0,5.0,5.0,2.0,2.0,4.0,479.0,4663.0,6547.0
02020205,8040.0,344.0,1593.0,2828.0,2192.0,783.0,216.0,651.0,26644.0,6003.0,652.0,5728.0,7644.0,5.0,25.0,9.0,16.0,18.0,638.0,5687.0,7621.0
02020206,9995.0,667.0,2306.0,3299.0,2427.0,956.0,225.0,883.0,31897.0,7282.0,656.0,7003.0,9652.0,7.0,4.0,7.0,10.0,14.0,642.0,6988.0,9631.0
02030301,3958.0,118.0,778.0,1424.0,1064.0,458.0,92.0,200.0,13244.0,2833.0,376.0,2664.0,3758.0,10.0,7.0,6.0,9.0,12.0,360.0,2647.0,3736.0
02030302,6573.0,286.0,1564.0,2243.0,1688.0,602.0,121.0,524.0,21155.0,4585.0,479.0,4447.0,6413.0,5.0,4.0,5.0,16.0,10.0,469.0,4426.0,6398.0
02030401,8211.0,737.0,2132.0,2908.0,1659.0,580.0,140.0,425.0,24526.0,5689.0,547.0,5540.0,8003.0,6.0,8.0,2.0,8.0,4.0,539.0,5524.0,7993.0
02030402,5644.0,338.0,1203.0,1974.0,1473.0,488.0,113.0,408.0,18084.0,4055.0,390.0,3875.0,5443.0,1.0,1.0,1.0,2.0,2.0,388.0,3872.0,5440.0
02040501,2836.0,83.0,287.0,694.0,1178.0,582.0,11.0,9.0,10436.0,1744.0,78.0,1742.0,2832.0,0.0,0.0,1.0,1.0,2.0,77.0,1740.0,2830.0
02040502,4282.0,168.0,944.0,1588.0,1156.0,365.0,49.0,92.0,13655.0,2793.0,238.0,2746.0,4200.0,2.0,3.0,5.0,16.0,10.0,231.0,2727.0,4188.0
02040503,6091.0,215.0,1301.0,2519.0,1421.0,501.0,100.0,260.0,19423.0,4110.0,391.0,4030.0,5992.0,16.0,24.0,0.0,0.0,0.0,375.0,4006.0,5976.0
02040701,6942.0,760.0,1086.0,2730.0,1732.0,581.0,33.0,168.0,21321.0,4315.0,233.0,4127.0,6518.0,1.0,1.0,0.0,0.0,0.0,232.0,4126.0,6517.0
02040702,6160.0,417.0,1412.0,2444.0,1513.0,317.0,34.0,185.0,18599.0,4254.0,385.0,4122.0,5993.0,23.0,26.0,3.0,5.0,6.0,359.0,4091.0,5964.0
02040703,696.0,61.0,394.0,52.0,142.0,30.0,16.0,7.0,1826.0,420.0,25.0,418.0,692.0,1.0,1.0,0.0,0.0,0.0,24.0,417.0,691.0
02050601,5343.0,283.0,1562.0,2262.0,973.0,220.0,41.0,14.0,15445.0,3415.0,315.0,3382.0,5297.0,3.0,1.0,1.0,1.0,2.0,311.0,3380.0,5292.0
02050602,11600.0,553.0,2886.0,4418.0,2814.0,756.0,120.0,435.0,35770.0,7984.0,684.0,7848.0,11415.0,4.0,4.0,6.0,10.0,12.0,674.0,7834.0,11399.0
02050801,10635.0,585.0,2833.0,4150.0,2214.0,703.0,104.0,362.0,32058.0,6951.0,702.0,6864.0,10518.0,9.0,8.0,6.0,11.0,12.0,687.0,6845.0,10497.0
02050802,12067.0,759.0,3233.0,4854.0,2460.0,592.0,123.0,367.0,35692.0,8114.0,696.0,7960.0,11846.0,6.0,8.0,0.0,0.0,0.0,690.0,7952.0,11840.0
02050803,4056.0,141.0,754.0,1551.0,1342.0,207.0,22.0,315.0,13152.0,2742.0,283.0,2699.0,4000.0,0.0,0.0,1.0,1.0,2.0,282.0,2697.0,3998.0
02050804,1762.0,41.0,290.0,637.0,499.0,162.0,90.0,315.0,6193.0,1557.0,228.0,1556.0,1761.0,92.0,153.0,4.0,9.0,8.0,132.0,1394.0,1661.0
03010102,5990.0,26.0,1048.0,1241.0,2463.0,1012.0,155.0,345.0,22032.0,3822.0,709.0,3796.0,5931.0,300.0,332.0,18.0,31.0,36.0,391.0,3433.0,5595.0
03010104,44.0,1.0,8.0,10.0,17.0,4.0,3.0,10.0,163.0,29.0,18.0,29.0,44.0,10.0,9.0,3.0,7.0,6.0,5.0,13.0,28.0
03020203,989.0,15.0,58.0,215.0,315.0,192.0,125.0,528.0,4274.0,945.0,776.0,941.0,984.0,696.0,702.0,42.0,84.0,84.0,38.0,154.0,204.0
03020209,6924.0,189.0,1084.0,2306.0,1706.0,886.0,412.0,2766.0,25767.0,5931.0,2076.0,5834.0,6766.0,1289.0,1626.0,135.0,260.0,270.0,652.0,3948.0,5207.0
03020210,5594.0,217.0,813.0,1855.0,1467.0,711.0,318.0,1650.0,20389.0,4483.0,1639.0,4433.0,5532.0,1149.0,1330.0,77.0,147.0,154.0,413.0,2956.0,4229.0
03020307,7944.0,137.0,1020.0,2094.0,2016.0,1592.0,742.0,2681.0,31616.0,7110.0,3778.0,7031.0,7766.0,3160.0,3587.0,171.0,300.0,342.0,447.0,3144.0,4264.0
03030405,5281.0,3.0,113.0,2152.0,1078.0,1299.0,531.0,838.0,21516.0,3922.0,1313.0,3900.0,5249.0,852.0,917.0,35.0,62.0,70.0,426.0,2921.0,4327.0
03030406,3590.0,34.0,232.0,551.0,929.0,941.0,537.0,2880.0,16674.0,3746.0,2791.0,3669.0,3492.0,2439.0,2783.0,239.0,421.0,478.0,113.0,464.0,575.0
03030711,2923.0,72.0,97.0,446.0,782.0,749.0,501.0,2166.0,13649.0,3015.0,2417.0,2972.0,2845.0,2186.0,2433.0,161.0,278.0,322.0,70.0,262.0,337.0
03030715,3384.0,44.0,279.0,805.0,869.0,783.0,381.0,1759.0,14453.0,3124.0,1986.0,3032.0,3218.0,1704.0,1955.0,129.0,222.0,258.0,153.0,855.0,1256.0
03030716,511.0,1.0,4.0,50.0,147.0,178.0,94.0,271.0,2472.0,508.0,484.0,500.0,505.0,465.0,468.0,17.0,28.0,34.0,2.0,5.0,6.0
03040508,1982.0,3.0,159.0,453.0,581.0,392.0,273.0,937.0,8539.0,1899.0,1080.0,1888.0,1970.0,862.0,1026.0,64.0,116.0,128.0,154.0,746.0,980.0
03040512,5007.0,45.0,409.0,1606.0,1736.0,704.0,316.0,1533.0,19574.0,3998.0,1457.0,3899.0,4905.0,895.0,1112.0,97.0,180.0,194.0,465.0,2608.0,3816.0
03040513,1414.0,25.0,107.0,301.0,358.0,353.0,140.0,1083.0,6262.0,1420.0,725.0,1402.0,1397.0,584.0,751.0,53.0,96.0,106.0,88.0,555.0,707.0
03040614,19019.0,375.0,3346.0,6878.0,5582.0,2233.0,410.0,1552.0,65206.0,13823.0,2258.0,13546.0,18620.0,427.0,552.0,63.0,121.0,126.0,1768.0,12873.0,18067.0
03040818,19760.0,430.0,2493.0,8070.0,6583.0,1947.0,187.0,381.0,67196.0,12961.0,1976.0,12803.0,19531.0,52.0,63.0,16.0,35.0,32.0,1908.0,12706.0,19447.0
03050919,2995.0,9.0,92.0,1652.0,896.0,260.0,57.0,221.0,10596.0,1880.0,544.0,1856.0,2966.0,151.0,173.0,29.0,47.0,58.0,364.0,1637.0,2757.0
03050920,3894.0,63.0,502.0,1720.0,1100.0,382.0,93.0,244.0,13339.0,2753.0,550.0,2721.0,3842.0,117.0,145.0,22.0,41.0,44.0,411.0,2535.0,3681.0
03050923,5227.0,166.0,1027.0,2391.0,1183.0,344.0,76.0,310.0,16611.0,3530.0,497.0,3416.0,5067.0,39.0,54.0,20.0,36.0,40.0,438.0,3326.0,4988.0
03050924,3315.0,97.0,621.0,1394.0,847.0,264.0,48.0,384.0,10901.0,2303.0,385.0,2178.0,3131.0,34.0,44.0,14.0,27.0,28.0,337.0,2107.0,3069.0
03050925,5081.0,76.0,771.0,1968.0,1592.0,536.0,92.0,342.0,17464.0,3640.0,601.0,3564.0,4988.0,60.0,84.0,13.0,22.0,26.0,528.0,3459.0,4902.0
03051017,2043.0,53.0,376.0,644.0,583.0,245.0,94.0,377.0,7235.0,1545.0,543.0,1459.0,1866.0,361.0,411.0,15.0,25.0,30.0,167.0,1024.0,1475.0
03051021,3942.0,5.0,584.0,1529.0,1412.0,372.0,30.0,71.0,13519.0,2337.0,431.0,2325.0,3929.0,60.0,66.0,11.0,19.0,22.0,360.0,2240.0,3847.0
03051022,2372.0,6.0,309.0,604.0,845.0,544.0,56.0,70.0,8942.0,1593.0,254.0,1588.0,2366.0,9.0,11.0,0.0,0.0,0.0,245.0,1577.0,2357.0
03061126,8850.0,477.0,2247.0,3379.0,2033.0,493.0,147.0,595.0,27182.0,6050.0,546.0,5895.0,8651.0,24.0,35.0,6.0,20.0,12.0,516.0,5840.0,8615.0
03061131,6077.0,385.0,1697.0,2320.0,1188.0,355.0,93.0,300.0,18124.0,4080.0,348.0,4026.0,6019.0,1.0,2.0,3.0,6.0,6.0,344.0,4018.0,6012.0
03061227,8645.0,381.0,1733.0,4004.0,1960.0,428.0,106.0,263.0,26738.0,5735.0,678.0,5652.0,8533.0,3.0,3.0,4.0,12.0,8.0,671.0,5636.0,8522.0
03061228,7845.0,182.0,2171.0,3053.0,2087.0,280.0,43.0,229.0,23918.0,4638.0,749.0,4578.0,7750.0,0.0,0.0,0.0,0.0,0.0,749.0,4578.0,7750.0
03061332,13305.0,941.0,3902.0,4731.0,2679.0,740.0,245.0,541.0,39365.0,9318.0,778.0,9032.0,12927.0,5.0,3.0,6.0,8.0,12.0,767.0,9021.0,12910.0
03061429,5950.0,14.0,1009.0,1829.0,2398.0,668.0,19.0,92.0,20657.0,3583.0,301.0,3531.0,5852.0,0.0,0.0,0.0,0.0,0.0,301.0,3531.0,5852.0
03061430,1655.0,105.0,125.0,400.0,714.0,232.0,45.0,272.0,6113.0,1047.0,295.0,1020.0,1546.0,134.0,156.0,25.0,46.0,50.0,136.0,818.0,1362.0
03061434,3780.0,26.0,676.0,1901.0,835.0,251.0,57.0,309.0,12327.0,2429.0,356.0,2429.0,3780.0,5.0,7.0,0.0,0.0,0.0,351.0,2423.0,3775.0
03061435,2376.0,158.0,464.0,848.0,717.0,167.0,17.0,39.0,7474.0,1404.0,157.0,1341.0,2289.0,0.0,0.0,0.0,0.0,0.0,157.0,1341.0,2289.0
03061441,882.0,8.0,118.0,362.0,105.0,127.0,99.0,468.0,3447.0,962.0,321.0,951.0,876.0,278.0,427.0,2.0,3.0,4.0,41.0,521.0,594.0
03071536,6018.0,269.0,1308.0,2210.0,1409.0,559.0,142.0,919.0,19717.0,4567.0,485.0,4424.0,5845.0,12.0,14.0,11.0,20.0,22.0,462.0,4390.0,5811.0
03071537,9032.0,380.0,1958.0,3211.0,2342.0,789.0,226.0,992.0,29590.0,7016.0,661.0,6756.0,8712.0,3.0,5.0,3.0,7.0,6.0,655.0,6744.0,8703.0
03071633,1851.0,11.0,580.0,514.0,421.0,232.0,88.0,44.0,6129.0,1201.0,59.0,1201.0,1851.0,0.0,0.0,0.0,0.0,0.0,59.0,1201.0,1851.0
03071638,9682.0,683.0,2456.0,3039.0,2383.0,883.0,195.0,338.0,30167.0,6995.0,534.0,6841.0,9510.0,5.0,4.0,5.0,11.0,10.0,524.0,6826.0,9495.0
03071639,6846.0,374.0,1402.0,2715.0,1441.0,668.0,175.0,548.0,22025.0,5101.0,513.0,5033.0,6755.0,62.0,103.0,1.0,4.0,2.0,450.0,4925.0,6691.0
04010102,287.0,2.0,11.0,88.0,81.0,47.0,22.0,329.0,1308.0,343.0,225.0,329.0,274.0,193.0,263.0,22.0,33.0,44.0,10.0,33.0,37.0
04010103,3849.0,1.0,562.0,1571.0,1347.0,351.0,2.0,107.0,13100.0,2488.0,182.0,2481.0,3842.0,0.0,0.0,0.0,0.0,0.0,182.0,2481.0,3842.0
04020204,71.0,2.0,15.0,6.0,10.0,11.0,27.0,0.0,307.0,70.0,10.0,57.0,53.0,0.0,0.0,1.0,2.0,2.0,9.0,54.0,51.0
04020205,607.0,7.0,31.0,117.0,200.0,102.0,74.0,623.0,2797.0,630.0,268.0,623.0,597.0,132.0,207.0,50.0,99.0,100.0,86.0,316.0,365.0
04020206,1714.0,5.0,125.0,544.0,758.0,191.0,48.0,344.0,6506.0,1392.0,116.0,1392.0,1714.0,51.0,67.0,5.0,11.0,10.0,60.0,1314.0,1653.0
04020207,1519.0,86.0,307.0,462.0,362.0,120.0,82.0,802.0,5428.0,1283.0,323.0,1262.0,1478.0,171.0,281.0,15.0,36.0,30.0,137.0,944.0,1277.0
04020208,1353.0,124.0,127.0,186.0,296.0,221.0,137.0,2199.0,6246.0,1591.0,588.0,1549.0,1297.0,471.0,771.0,22.0,57.0,44.0,95.0,721.0,782.0
04020209,1168.0,93.0,79.0,115.0,147.0,153.0,186.0,3144.0,6209.0,1400.0,779.0,1269.0,943.0,666.0,1016.0,84.0,160.0,168.0,29.0,93.0,109.0
04020310,317.0,107.0,85.0,61.0,44.0,11.0,5.0,37.0,758.0,185.0,62.0,100.0,108.0,54.0,56.0,1.0,2.0,2.0,7.0,41.0,52.0
04020311,8316.0,767.0,1191.0,2208.0,1986.0,1186.0,519.0,3768.0,30529.0,6926.0,924.0,6670.0,7733.0,189.0,391.0,42.0,108.0,84.0,693.0,6171.0,7460.0
04020312,2870.0,118.0,469.0,880.0,723.0,371.0,146.0,1403.0,10722.0,2519.0,529.0,2419.0,2732.0,162.0,315.0,59.0,161.0,118.0,308.0,1943.0,2452.0
04020313,3960.0,60.0,571.0,1493.0,1224.0,407.0,127.0,588.0,13962.0,2924.0,309.0,2848.0,3880.0,1.0,1.0,1.0,5.0,2.0,307.0,2843.0,3877.0
04020314,0.0,0.0,0.0,0.0,0.0,0.0,0.0,0.0,0.0,0.0,0.0,0.0,0.0,0.0,0.0,0.0,0.0,0.0,0.0,0.0,0.0
04030415,1654.0,191.0,802.0,319.0,235.0,55.0,27.0,206.0,4335.0,913.0,66.0,808.0,1380.0,1.0,0.0,0.0,0.0,0.0,65.0,808.0,1379.0
04030416,5181.0,329.0,1001.0,1837.0,1446.0,447.0,88.0,273.0,16662.0,3620.0,422.0,3539.0,4963.0,9.0,11.0,1.0,3.0,2.0,412.0,3526.0,4952.0
04030417,6000.0,145.0,1106.0,2179.0,1664.0,640.0,181.0,679.0,20515.0,4571.0,393.0,4414.0,5874.0,10.0,13.0,6.0,11.0,12.0,377.0,4390.0,5852.0
04030518,5450.0,140.0,989.0,2269.0,1396.0,471.0,142.0,395.0,18111.0,3646.0,399.0,3468.0,5165.0,1.0,1.0,1.0,2.0,2.0,397.0,3466.0,5162.0
04030519,3104.0,101.0,528.0,1348.0,848.0,214.0,59.0,47.0,10064.0,2142.0,217.0,2099.0,3059.0,7.0,4.0,1.0,2.0,2.0,209.0,2093.0,3050.0
04030620,4923.0,183.0,1195.0,1876.0,1052.0,462.0,91.0,505.0,15770.0,3400.0,302.0,3262.0,4695.0,13.0,15.0,1.0,1.0,2.0,288.0,3246.0,4680.0
04030621,1644.0,63.0,531.0,721.0,230.0,81.0,14.0,35.0,4732.0,1073.0,96.0,1045.0,1611.0,1.0,0.0,1.0,2.0,2.0,94.0,1043.0,1608.0
04030622,5979.0,237.0,1453.0,2110.0,1450.0,536.0,122.0,603.0,19288.0,4203.0,411.0,4040.0,5765.0,8.0,14.0,1.0,1.0,2.0,402.0,4025.0,5755.0
04030623,2862.0,322.0,585.0,970.0,630.0,228.0,104.0,169.0,8855.0,1937.0,145.0,1851.0,2723.0,4.0,4.0,1.0,2.0,2.0,140.0,1845.0,2717.0
04030724,3452.0,151.0,600.0,1228.0,791.0,398.0,191.0,708.0,12043.0,2828.0,209.0,2732.0,3346.0,4.0,7.0,5.0,7.0,10.0,200.0,2718.0,3332.0
04030725,6339.0,374.0,1078.0,1992.0,1640.0,771.0,303.0,1425.0,22164.0,5237.0,409.0,5034.0,6033.0,5.0,3.0,4.0,7.0,8.0,400.0,5024.0,6020.0
04030726,3058.0,183.0,510.0,918.0,739.0,432.0,200.0,695.0,10968.0,2622.0,163.0,2538.0,2988.0,1.0,2.0,0.0,0.0,0.0,162.0,2535.0,2987.0
04030827,6361.0,444.0,1342.0,2174.0,1660.0,514.0,156.0,561.0,20357.0,4570.0,389.0,4330.0,6061.0,7.0,5.0,2.0,2.0,4.0,380.0,4323.0,6050.0
04030828,5477.0,328.0,1135.0,1747.0,1267.0,611.0,256.0,1017.0,18515.0,4389.0,367.0,4235.0,5324.0,7.0,7.0,4.0,9.0,8.0,356.0,4219.0,5309.0
04030929,3249.0,80.0,503.0,916.0,917.0,448.0,226.0,1262.0,12360.0,2999.0,216.0,2871.0,3123.0,8.0,15.0,2.0,4.0,4.0,206.0,2853.0,3111.0
04030930,3296.0,117.0,476.0,882.0,873.0,493.0,286.0,1341.0,12729.0,3351.0,209.0,3027.0,3024.0,6.0,8.0,2.0,4.0,4.0,201.0,3015.0,3014.0
04030931,2010.0,46.0,311.0,677.0,504.0,248.0,109.0,949.0,7558.0,1915.0,98.0,1494.0,1621.0,1.0,5.0,3.0,4.0,6.0,94.0,1485.0,1614.0
04031032,8425.0,434.0,1471.0,2986.0,1994.0,935.0,383.0,1700.0,28983.0,6668.0,574.0,6507.0,8269.0,5.0,5.0,7.0,15.0,14.0,562.0,6487.0,8250.0
04041133,39.0,0.0,3.0,18.0,11.0,0.0,0.0,70.0,174.0,51.0,18.0,51.0,39.0,6.0,11.0,9.0,26.0,18.0,3.0,15.0,15.0
04041134,2733.0,230.0,423.0,590.0,598.0,398.0,242.0,2211.0,10891.0,2940.0,769.0,2854.0,2600.0,385.0,697.0,81.0,251.0,162.0,303.0,1905.0,2053.0
04041135,1551.0,32.0,127.0,401.0,374.0,240.0,141.0,2110.0,7141.0,2031.0,535.0,1890.0,1432.0,305.0,654.0,44.0,132.0,88.0,186.0,1104.0,1039.0
04041136,1754.0,81.0,179.0,431.0,422.0,287.0,148.0,1865.0,7608.0,2136.0,538.0,2081.0,1718.0,253.0,492.0,57.0,168.0,114.0,228.0,1421.0,1351.0
04041137,4705.0,225.0,637.0,1450.0,1521.0,559.0,196.0,933.0,16837.0,3574.0,603.0,3466.0,4617.0,97.0,156.0,20.0,46.0,40.0,486.0,3264.0,4480.0
04041238,3224.0,60.0,513.0,953.0,1073.0,374.0,137.0,922.0,11851.0,2729.0,402.0,2541.0,2975.0,78.0,141.0,14.0,33.0,28.0,310.0,2366.0,2869.0
04041239,46.0,3.0,7.0,11.0,23.0,1.0,1.0,0.0,153.0,28.0,7.0,25.0,41.0,3.0,3.0,0.0,0.0,0.0,4.0,22.0,38.0
04041240,846.0,24.0,71.0,140.0,236.0,160.0,80.0,1155.0,3965.0,1054.0,356.0,1036.0,815.0,220.0,416.0,37.0,117.0,74.0,99.0,503.0,521.0
04041241,3784.0,88.0,546.0,1231.0,1071.0,556.0,238.0,421.0,13786.0,2979.0,559.0,2960.0,3761.0,145.0,186.0,10.0,22.0,20.0,404.0,2752.0,3596.0
04041342,2520.0,36.0,843.0,851.0,547.0,145.0,75.0,171.0,7809.0,1612.0,170.0,1603.0,2512.0,1.0,1.0,0.0,0.0,0.0,169.0,1602.0,2511.0
04041343,2013.0,75.0,270.0,677.0,539.0,236.0,135.0,657.0,7449.0,1599.0,265.0,1566.0,1974.0,51.0,107.0,22.0,58.0,44.0,192.0,1401.0,1879.0
04041344,5862.0,94.0,1762.0,1903.0,1146.0,578.0,224.0,1205.0,19350.0,4494.0,615.0,4439.0,5779.0,87.0,127.0,10.0,30.0,20.0,518.0,4282.0,5672.0
04051445,3559.0,255.0,696.0,1254.0,953.0,233.0,103.0,549.0,11553.0,2410.0,311.0,2346.0,3470.0,38.0,72.0,6.0,13.0,12.0,267.0,2261.0,3420.0
04051446,5974.0,327.0,1008.0,1787.0,1504.0,767.0,378.0,1510.0,21333.0,4988.0,391.0,4840.0,5817.0,9.0,14.0,0.0,0.0,0.0,382.0,4826.0,5808.0
04051447,3145.0,196.0,681.0,1037.0,772.0,287.0,119.0,405.0,10311.0,2371.0,203.0,2256.0,2932.0,4.0,4.0,0.0,0.0,0.0,199.0,2252.0,2928.0
04051448,5258.0,396.0,1077.0,1634.0,1204.0,532.0,234.0,1382.0,17714.0,4148.0,323.0,3926.0,5029.0,9.0,8.0,2.0,4.0,4.0,312.0,3914.0,5016.0
04051549,2357.0,125.0,417.0,678.0,824.0,209.0,60.0,363.0,8057.0,1644.0,249.0,1616.0,2321.0,45.0,75.0,11.0,25.0,22.0,193.0,1517.0,2254.0
04051550,3055.0,138.0,567.0,1078.0,784.0,348.0,95.0,352.0,10304.0,2299.0,184.0,2107.0,2813.0,1.0,1.0,3.0,5.0,6.0,180.0,2101.0,2806.0
04051551,2358.0,85.0,574.0,705.0,631.0,259.0,81.0,199.0,7852.0,1703.0,158.0,1672.0,2329.0,0.0,0.0,1.0,2.0,2.0,157.0,1670.0,2327.0
04051652,5292.0,242.0,1053.0,1832.0,1221.0,525.0,257.0,1271.0,18166.0,4232.0,310.0,4088.0,5085.0,4.0,4.0,3.0,7.0,6.0,303.0,4077.0,5075.0
04051653,3917.0,216.0,890.0,1198.0,890.0,405.0,178.0,1073.0,13316.0,3027.0,228.0,2980.0,3817.0,3.0,3.0,3.0,5.0,6.0,222.0,2972.0,3808.0
04051654,1792.0,134.0,345.0,749.0,369.0,144.0,34.0,127.0,5598.0,1235.0,133.0,1224.0,1780.0,6.0,8.0,3.0,5.0,6.0,124.0,1211.0,1768.0
04051655,3715.0,237.0,593.0,1417.0,977.0,344.0,101.0,373.0,12281.0,2721.0,232.0,2654.0,3609.0,1.0,0.0,4.0,7.0,8.0,227.0,2647.0,3600.0
04051656,3906.0,140.0,639.0,1319.0,984.0,513.0,229.0,630.0,13880.0,3104.0,264.0,3014.0,3806.0,2.0,3.0,1.0,2.0,2.0,261.0,3009.0,3802.0
04061757,36.0,4.0,5.0,11.0,5.0,4.0,3.0,45.0,150.0,43.0,18.0,38.0,28.0,12.0,21.0,4.0,10.0,8.0,2.0,7.0,8.0
05010102,3711.0,157.0,834.0,1420.0,1098.0,150.0,46.0,44.0,11547.0,2161.0,355.0,2155.0,3701.0,31.0,36.0,21.0,36.0,42.0,303.0,2083.0,3628.0
05010103,4106.0,68.0,359.0,1410.0,1239.0,535.0,252.0,1948.0,16107.0,3275.0,1441.0,3245.0,4069.0,907.0,1142.0,127.0,237.0,254.0,407.0,1866.0,2908.0
05010204,1301.0,116.0,277.0,222.0,364.0,160.0,109.0,400.0,4646.0,954.0,380.0,952.0,1300.0,333.0,368.0,11.0,22.0,22.0,36.0,561.0,945.0
05010205,747.0,3.0,30.0,112.0,196.0,179.0,128.0,877.0,3723.0,790.0,519.0,788.0,745.0,440.0,548.0,41.0,74.0,82.0,38.0,166.0,223.0
05010206,5216.0,131.0,900.0,2100.0,1268.0,535.0,176.0,826.0,17860.0,3806.0,892.0,3795.0,5201.0,617.0,707.0,58.0,101.0,116.0,217.0,2988.0,4468.0
05010207,5616.0,80.0,836.0,1711.0,2004.0,879.0,93.0,103.0,19957.0,3707.0,465.0,3693.0,5603.0,113.0,122.0,0.0,0.0,0.0,352.0,3571.0,5490.0
05010208,4413.0,13.0,378.0,2295.0,1437.0,242.0,36.0,96.0,14924.0,2641.0,549.0,2638.0,4410.0,1.0,1.0,5.0,9.0,10.0,543.0,2629.0,4399.0
05010209,2994.0,51.0,252.0,935.0,836.0,474.0,251.0,1527.0,12107.0,2520.0,1368.0,2486.0,2951.0,1048.0,1202.0,115.0,199.0,230.0,205.0,1085.0,1673.0
05010310,2241.0,136.0,315.0,1071.0,574.0,102.0,31.0,110.0,7081.0,1392.0,244.0,1362.0,2203.0,11.0,12.0,5.0,6.0,10.0,228.0,1343.0,2182.0
05010311,2164.0,82.0,713.0,689.0,451.0,200.0,17.0,86.0,6567.0,1489.0,203.0,1459.0,2118.0,70.0,94.0,5.0,10.0,10.0,128.0,1356.0,2038.0
05010312,3501.0,235.0,816.0,1344.0,814.0,242.0,40.0,78.0,10683.0,2283.0,277.0,2139.0,3295.0,4.0,4.0,3.0,5.0,6.0,270.0,2130.0,3285.0
05010313,3458.0,143.0,686.0,1315.0,928.0,291.0,58.0,291.0,11266.0,2375.0,340.0,2283.0,3342.0,12.0,12.0,7.0,12.0,14.0,321.0,2259.0,3316.0
05010314,6659.0,163.0,886.0,3092.0,1917.0,444.0,84.0,591.0,22194.0,4278.0,800.0,4098.0,6425.0,43.0,49.0,23.0,39.0,46.0,734.0,4010.0,6336.0
05010339,246.0,10.0,97.0,52.0,63.0,17.0,6.0,7.0,740.0,174.0,27.0,160.0,231.0,7.0,7.0,0.0,0.0,0.0,20.0,154.0,224.0
05020415,1469.0,4.0,42.0,190.0,359.0,436.0,269.0,1333.0,7221.0,1582.0,1289.0,1571.0,1458.0,1186.0,1346.0,78.0,140.0,156.0,25.0,86.0,116.0
05020416,998.0,1.0,69.0,249.0,642.0,25.0,9.0,25.0,3658.0,599.0,490.0,597.0,997.0,299.0,200.0,39.0,53.0,78.0,152.0,345.0,620.0
05020417,2699.0,61.0,285.0,456.0,687.0,609.0,356.0,1909.0,11837.0,2497.0,1593.0,2460.0,2645.0,1300.0,1506.0,165.0,292.0,330.0,128.0,662.0,1015.0
05020418,2055.0,170.0,204.0,792.0,493.0,172.0,177.0,351.0,7199.0,1471.0,464.0,1462.0,2045.0,290.0,354.0,21.0,38.0,42.0,153.0,1069.0,1713.0
05020419,3913.0,135.0,598.0,1658.0,1118.0,367.0,21.0,130.0,12868.0,2587.0,435.0,2586.0,3911.0,191.0,201.0,33.0,51.0,66.0,211.0,2334.0,3654.0
05020420,413.0,6.0,42.0,90.0,134.0,78.0,31.0,256.0,1728.0,361.0,182.0,355.0,407.0,126.0,158.0,14.0,26.0,28.0,42.0,172.0,253.0
05020521,1237.0,1.0,40.0,346.0,346.0,284.0,129.0,713.0,5410.0,1208.0,690.0,1201.0,1229.0,544.0,681.0,71.0,113.0,142.0,75.0,407.0,543.0
05020522,3440.0,0.0,678.0,969.0,1244.0,453.0,42.0,400.0,12156.0,2343.0,367.0,2334.0,3431.0,185.0,224.0,28.0,59.0,56.0,154.0,2051.0,3190.0
05020523,5434.0,21.0,981.0,1728.0,1956.0,628.0,73.0,410.0,18979.0,3831.0,486.0,3814.0,5417.0,219.0,245.0,18.0,34.0,36.0,249.0,3535.0,5162.0
05020524,3300.0,37.0,464.0,802.0,1013.0,429.0,301.0,2025.0,13399.0,2840.0,1362.0,2821.0,3275.0,1029.0,1279.0,122.0,223.0,244.0,211.0,1318.0,2002.0
05020625,4154.0,84.0,820.0,1512.0,1333.0,325.0,47.0,267.0,13766.0,2830.0,390.0,2799.0,4115.0,25.0,34.0,3.0,4.0,6.0,362.0,2761.0,4084.0
05020626,10283.0,212.0,1500.0,4647.0,2843.0,839.0,163.0,606.0,34304.0,6823.0,1138.0,6630.0,9948.0,63.0,71.0,11.0,19.0,22.0,1064.0,6541.0,9863.0
05020627,2145.0,16.0,420.0,876.0,575.0,191.0,47.0,148.0,7169.0,1502.0,275.0,1494.0,2136.0,104.0,129.0,12.0,22.0,24.0,159.0,1342.0,2008.0
05020628,1162.0,0.0,133.0,538.0,397.0,72.0,9.0,108.0,3990.0,779.0,114.0,777.0,1160.0,25.0,35.0,5.0,9.0,10.0,84.0,734.0,1125.0
05020629,2574.0,99.0,385.0,615.0,664.0,394.0,197.0,1782.0,10304.0,2441.0,948.0,2410.0,2542.0,660.0,862.0,96.0,205.0,192.0,192.0,1344.0,1690.0
05030730,1300.0,2.0,28.0,257.0,545.0,314.0,116.0,299.0,5574.0,1117.0,632.0,1107.0,1287.0,572.0,609.0,6.0,10.0,12.0,54.0,488.0,703.0
05030731,6468.0,203.0,1002.0,2802.0,1989.0,388.0,67.0,129.0,21040.0,3952.0,793.0,3895.0,6353.0,107.0,118.0,26.0,45.0,52.0,660.0,3731.0,6194.0
05030832,6040.0,330.0,886.0,2669.0,1235.0,687.0,164.0,525.0,19993.0,4140.0,772.0,4080.0,5954.0,206.0,223.0,8.0,14.0,16.0,558.0,3843.0,5732.0
05030833,235.0,8.0,134.0,71.0,15.0,4.0,2.0,7.0,588.0,156.0,32.0,151.0,229.0,5.0,5.0,1.0,1.0,2.0,26.0,145.0,222.0
05040934,1513.0,29.0,128.0,230.0,308.0,346.0,242.0,1828.0,7217.0,1710.0,1128.0,1675.0,1470.0,991.0,1270.0,70.0,141.0,140.0,67.0,264.0,339.0
05040935,202.0,0.0,70.0,14.0,39.0,57.0,15.0,59.0,772.0,148.0,123.0,145.0,200.0,117.0,113.0,0.0,0.0,0.0,6.0,32.0,83.0
05040936,4107.0,28.0,191.0,384.0,893.0,1398.0,686.0,4143.0,20383.0,4737.0,3252.0,4693.0,4051.0,2928.0,3736.0,179.0,354.0,358.0,145.0,603.0,765.0
05040937,993.0,4.0,25.0,123.0,318.0,310.0,100.0,939.0,4784.0,1065.0,793.0,1042.0,970.0,702.0,797.0,53.0,121.0,106.0,38.0,123.0,162.0
05040938,1570.0,4.0,25.0,124.0,365.0,458.0,352.0,1924.0,8212.0,1808.0,1194.0,1795.0,1553.0,1045.0,1359.0,73.0,144.0,146.0,76.0,293.0,362.0
06010102,4907.0,289.0,816.0,1602.0,1371.0,537.0,192.0,790.0,16838.0,3761.0,407.0,3570.0,4669.0,6.0,6.0,5.0,6.0,10.0,396.0,3557.0,4653.0
06010103,3337.0,72.0,499.0,1276.0,944.0,443.0,77.0,202.0,11553.0,2519.0,286.0,2487.0,3299.0,3.0,2.0,2.0,2.0,4.0,281.0,2483.0,3292.0
06010204,3811.0,428.0,663.0,1423.0,828.0,277.0,118.0,566.0,11994.0,2571.0,579.0,2550.0,3784.0,142.0,210.0,8.0,16.0,16.0,429.0,2323.0,3626.0
06010205,5302.0,213.0,1055.0,1875.0,1323.0,501.0,183.0,1202.0,18045.0,3996.0,719.0,3948.0,5250.0,198.0,291.0,34.0,67.0,68.0,487.0,3590.0,4984.0
06010206,4388.0,194.0,817.0,1644.0,1031.0,504.0,117.0,627.0,14733.0,3092.0,467.0,3073.0,4360.0,49.0,74.0,11.0,29.0,22.0,407.0,2969.0,4289.0
06010207,4446.0,147.0,698.0,1671.0,1322.0,410.0,119.0,598.0,15206.0,3224.0,496.0,3193.0,4398.0,31.0,54.0,16.0,34.0,32.0,449.0,3105.0,4335.0
06010208,3755.0,145.0,896.0,1206.0,873.0,419.0,134.0,650.0,12596.0,2746.0,360.0,2707.0,3697.0,17.0,29.0,13.0,27.0,26.0,330.0,2651.0,3654.0
06010209,5198.0,138.0,1038.0,1878.0,1616.0,420.0,76.0,247.0,17115.0,3583.0,475.0,3479.0,5094.0,5.0,3.0,0.0,0.0,0.0,470.0,3476.0,5089.0
06010210,2710.0,76.0,369.0,1122.0,769.0,269.0,82.0,167.0,9260.0,1878.0,263.0,1872.0,2702.0,1.0,1.0,1.0,2.0,2.0,261.0,1869.0,2699.0
06020301,2682.0,29.0,512.0,813.0,784.0,297.0,132.0,961.0,9866.0,2079.0,701.0,2074.0,2676.0,434.0,539.0,43.0,88.0,86.0,224.0,1446.0,2156.0
06020302,2792.0,69.0,374.0,953.0,747.0,354.0,141.0,1288.0,10568.0,2340.0,693.0,2305.0,2756.0,290.0,443.0,68.0,146.0,136.0,335.0,1715.0,2330.0
06020303,4301.0,174.0,941.0,1611.0,1302.0,234.0,22.0,138.0,13537.0,2739.0,526.0,2710.0,4263.0,36.0,40.0,8.0,11.0,16.0,482.0,2659.0,4211.0
06020304,4060.0,319.0,687.0,1541.0,1022.0,331.0,101.0,468.0,13133.0,2678.0,587.0,2639.0,4011.0,125.0,175.0,26.0,51.0,52.0,436.0,2413.0,3834.0
06020305,6042.0,662.0,913.0,1767.0,1860.0,577.0,156.0,834.0,19884.0,4004.0,884.0,3892.0,5617.0,376.0,520.0,16.0,33.0,32.0,492.0,3339.0,5209.0
06020306,3263.0,78.0,514.0,772.0,723.0,547.0,329.0,2404.0,13427.0,2913.0,1721.0,2880.0,3222.0,1346.0,1584.0,90.0,172.0,180.0,285.0,1124.0,1696.0
06020407,2465.0,105.0,678.0,483.0,903.0,286.0,6.0,35.0,8023.0,1585.0,108.0,1583.0,2463.0,9.0,11.0,3.0,6.0,6.0,96.0,1566.0,2448.0
06020408,3828.0,32.0,699.0,1345.0,1021.0,385.0,188.0,1221.0,13823.0,2800.0,966.0,2768.0,3792.0,562.0,688.0,62.0,121.0,124.0,342.0,1959.0,3106.0
06020409,4375.0,322.0,628.0,1348.0,1136.0,566.0,165.0,1755.0,15741.0,3550.0,922.0,3479.0,4307.0,377.0,558.0,66.0,167.0,132.0,479.0,2754.0,3798.0
06020410,3488.0,39.0,360.0,856.0,1028.0,599.0,290.0,2582.0,14756.0,3285.0,1199.0,3194.0,3384.0,677.0,947.0,153.0,314.0,306.0,369.0,1933.0,2401.0
06020411,3959.0,50.0,251.0,992.0,1130.0,811.0,397.0,2594.0,17079.0,3664.0,1789.0,3632.0,3931.0,1352.0,1645.0,153.0,286.0,306.0,284.0,1702.0,2273.0
06030501,2657.0,29.0,170.0,739.0,665.0,496.0,297.0,2061.0,11569.0,2518.0,1302.0,2488.0,2626.0,993.0,1223.0,76.0,147.0,152.0,233.0,1118.0,1481.0
06030502,3323.0,116.0,845.0,1154.0,842.0,287.0,39.0,338.0,10643.0,2114.0,566.0,2108.0,3316.0,184.0,222.0,25.0,41.0,50.0,357.0,1845.0,3082.0
06030503,6299.0,108.0,750.0,1777.0,2061.0,985.0,390.0,1842.0,24290.0,5117.0,981.0,4973.0,6142.0,206.0,314.0,68.0,147.0,136.0,707.0,4512.0,5800.0
06030504,5268.0,77.0,526.0,1192.0,1349.0,876.0,602.0,5191.0,23284.0,5230.0,2398.0,5189.0,5227.0,1641.0,2323.0,237.0,508.0,474.0,520.0,2358.0,3112.0
06030605,3651.0,189.0,550.0,943.0,1075.0,429.0,233.0,1871.0,13832.0,3096.0,652.0,3028.0,3566.0,208.0,343.0,41.0,108.0,82.0,403.0,2577.0,3276.0
06030606,2677.0,227.0,406.0,969.0,662.0,243.0,103.0,514.0,8941.0,1962.0,396.0,1931.0,2641.0,146.0,200.0,19.0,51.0,38.0,231.0,1680.0,2457.0
06030607,1433.0,254.0,78.0,226.0,435.0,262.0,139.0,307.0,5279.0,1059.0,341.0,963.0,1118.0,210.0,236.0,25.0,55.0,50.0,106.0,672.0,858.0
06030608,5469.0,222.0,426.0,820.0,1365.0,1274.0,769.0,4719.0,24697.0,5690.0,2944.0,5671.0,5453.0,2386.0,3246.0,190.0,362.0,380.0,368.0,2063.0,2687.0
06030609,6392.0,389.0,768.0,1927.0,1729.0,888.0,366.0,2628.0,23886.0,5363.0,1250.0,5266.0,6269.0,379.0,582.0,102.0,256.0,204.0,769.0,4427.0,5686.0
06030610,3949.0,67.0,357.0,1149.0,947.0,619.0,328.0,4052.0,17131.0,4016.0,1223.0,3899.0,3839.0,597.0,1004.0,165.0,402.0,330.0,461.0,2492.0,2912.0
06040701,4762.0,159.0,463.0,950.0,1082.0,877.0,556.0,5762.0,21746.0,5342.0,2379.0,5222.0,4561.0,1821.0,2832.0,192.0,428.0,384.0,366.0,1963.0,2356.0
06040702,2204.0,14.0,154.0,187.0,744.0,546.0,351.0,1578.0,10273.0,2348.0,836.0,2339.0,2196.0,588.0,778.0,33.0,66.0,66.0,215.0,1495.0,1542.0
06040703,5460.0,599.0,761.0,880.0,1160.0,784.0,510.0,6320.0,22701.0,5522.0,2008.0,5239.0,4695.0,1304.0,2134.0,189.0,510.0,378.0,515.0,2596.0,3013.0
06040804,3760.0,54.0,259.0,661.0,902.0,739.0,530.0,5354.0,18392.0,4373.0,1773.0,4313.0,3712.0,1220.0,1961.0,161.0,398.0,322.0,392.0,1954.0,2170.0
06040805,2663.0,100.0,340.0,576.0,551.0,485.0,253.0,2990.0,11645.0,2709.0,1031.0,2624.0,2559.0,632.0,975.0,83.0,206.0,166.0,316.0,1444.0,1761.0
06040806,3802.0,35.0,561.0,1260.0,532.0,531.0,557.0,2570.0,15632.0,3194.0,1917.0,3189.0,3791.0,1417.0,1707.0,35.0,69.0,70.0,465.0,1413.0,2304.0
06040807,2866.0,88.0,307.0,863.0,623.0,363.0,262.0,2930.0,12100.0,2770.0,892.0,2457.0,2501.0,517.0,861.0,80.0,191.0,160.0,295.0,1406.0,1824.0
06040808,1869.0,8.0,111.0,352.0,646.0,482.0,194.0,604.0,8048.0,1910.0,336.0,1907.0,1866.0,132.0,243.0,5.0,18.0,10.0,199.0,1647.0,1724.0
06040809,2094.0,111.0,136.0,339.0,429.0,301.0,284.0,4199.0,10524.0,2667.0,934.0,2599.0,1959.0,651.0,1254.0,100.0,244.0,200.0,183.0,1100.0,1108.0
06040810,3462.0,221.0,325.0,616.0,730.0,574.0,316.0,6224.0,16629.0,4598.0,1385.0,4477.0,3211.0,934.0,2096.0,134.0,404.0,268.0,317.0,1977.0,2009.0
07010102,8595.0,536.0,1952.0,2779.0,1980.0,952.0,263.0,1037.0,28072.0,6195.0,509.0,5931.0,8121.0,9.0,12.0,2.0,2.0,4.0,498.0,5917.0,8108.0
07010103,5861.0,446.0,1166.0,1931.0,1442.0,575.0,185.0,967.0,19291.0,4340.0,382.0,4304.0,5827.0,4.0,3.0,2.0,4.0,4.0,376.0,4297.0,5819.0
07010104,6911.0,346.0,1691.0,2337.0,1819.0,548.0,121.0,378.0,21859.0,4732.0,483.0,4620.0,6780.0,6.0,5.0,4.0,5.0,8.0,473.0,4610.0,6766.0
07020201,6328.0,292.0,1195.0,2129.0,1642.0,619.0,274.0,1326.0,21702.0,4798.0,449.0,4756.0,6286.0,2.0,3.0,1.0,0.0,2.0,446.0,4753.0,6282.0
07020202,5609.0,518.0,1061.0,2025.0,1419.0,379.0,137.0,539.0,17647.0,3962.0,380.0,3814.0,5393.0,2.0,1.0,1.0,1.0,2.0,377.0,3812.0,5389.0
07020203,9515.0,385.0,2377.0,3264.0,2228.0,856.0,303.0,759.0,30700.0,7178.0,610.0,6975.0,9251.0,5.0,5.0,2.0,3.0,4.0,603.0,6968.0,9242.0
07020204,6595.0,320.0,1350.0,2504.0,1634.0,551.0,178.0,476.0,21367.0,4787.0,469.0,4620.0,6379.0,3.0,3.0,4.0,7.0,8.0,462.0,4611.0,6368.0
07030301,13125.0,330.0,1661.0,4271.0,3728.0,1955.0,800.0,2900.0,48852.0,11072.0,1133.0,10862.0,12901.0,27.0,42.0,21.0,55.0,42.0,1085.0,10765.0,12832.0
07030302,5008.0,185.0,789.0,1320.0,1437.0,796.0,328.0,1253.0,18672.0,4048.0,494.0,3996.0,4944.0,8.0,8.0,11.0,26.0,22.0,475.0,3961.0,4914.0
07030303,6199.0,115.0,985.0,2048.0,1948.0,822.0,203.0,573.0,21922.0,4509.0,521.0,4483.0,6170.0,7.0,7.0,4.0,8.0,8.0,510.0,4469.0,6155.0
07040401,8911.0,700.0,2210.0,2487.0,1823.0,891.0,379.0,3325.0,29927.0,6728.0,1625.0,6622.0,8765.0,881.0,1169.0,46.0,87.0,92.0,698.0,5366.0,7792.0
07040402,1295.0,13.0,125.0,613.0,371.0,148.0,22.0,23.0,4481.0,779.0,218.0,779.0,1295.0,64.0,65.0,3.0,5.0,6.0,151.0,710.0,1225.0
07040403,13210.0,408.0,2278.0,5643.0,3620.0,972.0,168.0,1002.0,43243.0,8842.0,1305.0,8613.0,12946.0,11.0,13.0,11.0,18.0,22.0,1283.0,8582.0,12913.0
07040404,2886.0,117.0,243.0,936.0,1077.0,349.0,85.0,602.0,10576.0,1999.0,582.0,1979.0,2866.0,265.0,325.0,16.0,29.0,32.0,301.0,1625.0,2569.0
07040405,5607.0,205.0,1484.0,2149.0,1225.0,417.0,98.0,213.0,17406.0,3760.0,501.0,3670.0,5475.0,9.0,10.0,5.0,6.0,10.0,487.0,3654.0,5456.0
07040406,2163.0,80.0,1104.0,710.0,193.0,41.0,19.0,117.0,5626.0,1192.0,293.0,1185.0,2155.0,29.0,34.0,2.0,5.0,4.0,262.0,1146.0,2122.0
07050501,8945.0,231.0,1723.0,3604.0,2676.0,572.0,95.0,360.0,28983.0,5840.0,876.0,5736.0,8788.0,19.0,25.0,17.0,27.0,34.0,840.0,5684.0,8735.0
07050502,4064.0,114.0,896.0,1487.0,995.0,356.0,124.0,698.0,13569.0,2799.0,596.0,2695.0,3829.0,248.0,293.0,11.0,21.0,22.0,337.0,2381.0,3559.0
07050503,5284.0,205.0,980.0,1990.0,1678.0,354.0,55.0,162.0,17109.0,3358.0,756.0,3286.0,5153.0,180.0,179.0,6.0,13.0,12.0,570.0,3094.0,4961.0
07050504,2931.0,244.0,881.0,749.0,460.0,335.0,166.0,768.0,9532.0,2091.0,735.0,2075.0,2912.0,383.0,443.0,46.0,84.0,92.0,306.0,1548.0,2437.0
07050505,4777.0,90.0,528.0,1173.0,1628.0,755.0,336.0,2098.0,19066.0,4100.0,1754.0,4071.0,4737.0,1187.0,1496.0,202.0,342.0,404.0,365.0,2232.0,3146.0
07050506,1032.0,10.0,54.0,200.0,269.0,244.0,152.0,830.0,4756.0,1075.0,643.0,1064.0,1021.0,521.0,651.0,62.0,124.0,124.0,60.0,289.0,376.0
07060601,4542.0,174.0,648.0,1665.0,1187.0,553.0,187.0,973.0,16073.0,3268.0,964.0,3218.0,4425.0,490.0,519.0,44.0,76.0,88.0,430.0,2623.0,3847.0
07060602,2292.0,69.0,246.0,532.0,658.0,433.0,213.0,1128.0,9360.0,2030.0,1008.0,2006.0,2260.0,713.0,869.0,86.0,159.0,172.0,209.0,978.0,1375.0
07060603,1306.0,1.0,136.0,415.0,446.0,206.0,57.0,334.0,5008.0,1047.0,346.0,1041.0,1299.0,236.0,281.0,27.0,46.0,54.0,83.0,714.0,1009.0
07060604,7270.0,223.0,1304.0,2339.0,2366.0,776.0,175.0,678.0,24920.0,5204.0,880.0,5165.0,7213.0,568.0,600.0,11.0,19.0,22.0,301.0,4547.0,6623.0
07070701,5078.0,75.0,389.0,1508.0,1318.0,888.0,479.0,3308.0,21271.0,4572.0,2417.0,4536.0,5038.0,1791.0,2214.0,218.0,423.0,436.0,408.0,1899.0,2811.0
07070702,5180.0,123.0,708.0,1349.0,1214.0,991.0,446.0,2710.0,20783.0,4501.0,2330.0,4476.0,5149.0,1759.0,2101.0,170.0,328.0,340.0,401.0,2047.0,3050.0
07070703,4408.0,651.0,843.0,1296.0,1120.0,342.0,83.0,572.0,13485.0,3142.0,667.0,3017.0,4136.0,332.0,392.0,39.0,78.0,78.0,296.0,2546.0,3726.0
07070704,4011.0,318.0,912.0,1122.0,979.0,455.0,150.0,593.0,13192.0,3003.0,709.0,2942.0,3934.0,463.0,539.0,39.0,70.0,78.0,207.0,2334.0,3393.0
07070705,3269.0,36.0,195.0,692.0,794.0,676.0,496.0,2997.0,15031.0,3306.0,1880.0,3277.0,3238.0,1493.0,1906.0,169.0,312.0,338.0,218.0,1060.0,1407.0
07070706,1762.0,3.0,154.0,613.0,451.0,243.0,171.0,1014.0,7209.0,1565.0,700.0,1548.0,1744.0,481.0,607.0,92.0,187.0,184.0,127.0,754.0,1079.0
07070707,1466.0,6.0,70.0,304.0,430.0,284.0,195.0,1390.0,6758.0,1491.0,970.0,1429.0,1370.0,800.0,984.0,86.0,152.0,172.0,84.0,293.0,398.0
08010116,1955.0,369.0,453.0,689.0,324.0,87.0,25.0,66.0,5289.0,1212.0,109.0,1157.0,1876.0,2.0,3.0,3.0,5.0,6.0,104.0,1149.0,1868.0
08010117,8907.0,503.0,2839.0,3654.0,1372.0,431.0,78.0,229.0,25483.0,5378.0,570.0,5304.0,8814.0,2.0,1.0,0.0,0.0,0.0,568.0,5303.0,8812.0
08010118,5559.0,402.0,1477.0,2262.0,1041.0,261.0,84.0,247.0,16362.0,3520.0,373.0,3500.0,5530.0,6.0,4.0,3.0,5.0,6.0,364.0,3491.0,5518.0
08010211,4845.0,188.0,1314.0,2033.0,907.0,303.0,77.0,181.0,14701.0,3248.0,310.0,3097.0,4593.0,2.0,2.0,3.0,4.0,6.0,305.0,3091.0,4585.0
08010212,3323.0,414.0,1128.0,1167.0,462.0,120.0,26.0,46.0,8821.0,2240.0,202.0,2188.0,3249.0,5.0,8.0,1.0,2.0,2.0,196.0,2178.0,3242.0
08010213,6341.0,317.0,1984.0,2355.0,1229.0,349.0,86.0,168.0,18695.0,4040.0,469.0,3975.0,6249.0,1.0,1.0,0.0,0.0,0.0,468.0,3974.0,6248.0
08010214,3656.0,123.0,737.0,1591.0,908.0,212.0,60.0,188.0,11610.0,2414.0,353.0,2307.0,3498.0,6.0,6.0,2.0,6.0,4.0,345.0,2295.0,3488.0
08010301,14851.0,952.0,4098.0,5857.0,2782.0,890.0,187.0,676.0,44095.0,9792.0,1004.0,9630.0,14631.0,7.0,5.0,4.0,5.0,8.0,993.0,9620.0,14616.0
08010302,2218.0,15.0,480.0,951.0,627.0,129.0,14.0,15.0,7080.0,1352.0,165.0,1346.0,2203.0,0.0,0.0,0.0,0.0,0.0,165.0,1346.0,2203.0
08010303,4156.0,273.0,1001.0,1659.0,846.0,291.0,63.0,189.0,12658.0,2747.0,283.0,2664.0,4039.0,10.0,8.0,1.0,1.0,2.0,272.0,2655.0,4027.0
08010404,11517.0,551.0,2891.0,4591.0,2467.0,751.0,201.0,516.0,35451.0,7802.0,851.0,7604.0,11250.0,30.0,34.0,10.0,21.0,20.0,811.0,7550.0,11200.0
08010405,4603.0,168.0,957.0,1875.0,1134.0,414.0,45.0,77.0,14660.0,2995.0,342.0,2994.0,4602.0,2.0,1.0,1.0,2.0,2.0,339.0,2991.0,4598.0
08010406,3471.0,93.0,937.0,1546.0,680.0,189.0,20.0,52.0,10442.0,2068.0,234.0,1999.0,3358.0,4.0,5.0,1.0,1.0,2.0,229.0,1993.0,3352.0
08010407,473.0,37.0,121.0,204.0,82.0,26.0,3.0,0.0,1367.0,279.0,20.0,275.0,469.0,0.0,0.0,0.0,0.0,0.0,20.0,275.0,469.0
08010508,2268.0,22.0,319.0,286.0,645.0,822.0,163.0,83.0,9269.0,1473.0,166.0,1468.0,2262.0,41.0,46.0,5.0,8.0,10.0,120.0,1414.0,2211.0
08010509,3960.0,387.0,1207.0,1095.0,951.0,284.0,33.0,22.0,11530.0,2491.0,510.0,2384.0,3733.0,184.0,180.0,14.0,20.0,28.0,312.0,2183.0,3521.0
08010510,174.0,41.0,47.0,48.0,20.0,7.0,7.0,35.0,471.0,124.0,21.0,93.0,146.0,2.0,1.0,4.0,9.0,8.0,15.0,83.0,136.0
08020619,5374.0,296.0,1289.0,2142.0,1145.0,389.0,80.0,309.0,16614.0,3340.0,677.0,3205.0,5100.0,158.0,147.0,16.0,29.0,32.0,503.0,3030.0,4910.0
08020620,4790.0,196.0,1057.0,2118.0,1161.0,196.0,38.0,195.0,14711.0,3035.0,494.0,2992.0,4693.0,35.0,41.0,14.0,26.0,28.0,445.0,2926.0,4630.0
08020621,975.0,3.0,30.0,139.0,251.0,256.0,177.0,936.0,4762.0,1049.0,740.0,1044.0,969.0,652.0,783.0,44.0,82.0,88.0,44.0,179.0,229.0
08020622,7893.0,222.0,2221.0,3150.0,1366.0,530.0,345.0,455.0,24753.0,5044.0,2065.0,4996.0,7812.0,1183.0,1119.0,67.0,90.0,134.0,815.0,3787.0,6495.0
08020623,593.0,3.0,197.0,163.0,138.0,55.0,30.0,54.0,1947.0,435.0,219.0,422.0,577.0,155.0,126.0,3.0,10.0,6.0,61.0,287.0,416.0
08020624,604.0,0.0,5.0,245.0,150.0,151.0,32.0,173.0,2465.0,499.0,288.0,495.0,602.0,234.0,280.0,9.0,16.0,18.0,45.0,199.0,350.0
08020625,1904.0,161.0,608.0,283.0,336.0,274.0,152.0,687.0,6539.0,1321.0,786.0,1310.0,1891.0,711.0,762.0,25.0,46.0,50.0,50.0,502.0,1130.0
08020726,4268.0,145.0,650.0,1314.0,1274.0,524.0,197.0,1261.0,15546.0,3331.0,1655.0,3307.0,4241.0,1209.0,1286.0,78.0,138.0,156.0,368.0,1882.0,2876.0
08020727,5792.0,127.0,844.0,1491.0,1804.0,1056.0,333.0,1062.0,21844.0,4431.0,1427.0,4322.0,5575.0,920.0,1046.0,58.0,109.0,116.0,449.0,3168.0,4539.0
08020728,4519.0,384.0,1125.0,936.0,1293.0,474.0,159.0,1160.0,15098.0,3143.0,1012.0,3123.0,4489.0,757.0,866.0,56.0,103.0,112.0,199.0,2154.0,3620.0
08030829,6336.0,337.0,1455.0,1907.0,2091.0,481.0,34.0,247.0,20188.0,4274.0,398.0,4273.0,6335.0,83.0,111.0,3.0,6.0,6.0,312.0,4157.0,6246.0
08030830,4245.0,488.0,1090.0,1706.0,779.0,149.0,26.0,66.0,11869.0,2804.0,193.0,2803.0,4244.0,8.0,10.0,2.0,4.0,4.0,183.0,2789.0,4232.0
08030831,8296.0,61.0,1551.0,2884.0,2769.0,956.0,60.0,122.0,28153.0,5782.0,281.0,5749.0,8250.0,47.0,48.0,0.0,0.0,0.0,234.0,5700.0,8203.0
08040932,1504.0,2.0,337.0,265.0,628.0,223.0,48.0,7.0,5393.0,1047.0,85.0,956.0,1321.0,2.0,3.0,0.0,0.0,0.0,83.0,953.0,1319.0
08040933,1998.0,76.0,218.0,660.0,583.0,253.0,123.0,665.0,7492.0,1572.0,640.0,1551.0,1972.0,417.0,506.0,58.0,114.0,116.0,165.0,932.0,1439.0
08040934,1245.0,23.0,141.0,316.0,345.0,198.0,121.0,794.0,5143.0,1125.0,589.0,1120.0,1238.0,449.0,550.0,58.0,114.0,116.0,82.0,457.0,673.0
08041035,3472.0,59.0,203.0,566.0,903.0,880.0,501.0,2910.0,16091.0,3590.0,2545.0,3517.0,3394.0,2139.0,2528.0,264.0,480.0,528.0,142.0,509.0,727.0
08041036,3027.0,9.0,137.0,574.0,812.0,785.0,409.0,2334.0,13966.0,2978.0,2133.0,2936.0,2975.0,1842.0,2067.0,177.0,324.0,354.0,114.0,545.0,779.0
08041037,4985.0,125.0,732.0,1319.0,1465.0,790.0,329.0,1799.0,19129.0,3999.0,1922.0,3956.0,4938.0,1381.0,1562.0,185.0,331.0,370.0,356.0,2064.0,3187.0
08041038,3127.0,13.0,373.0,617.0,747.0,685.0,424.0,2098.0,13665.0,2994.0,1943.0,2985.0,3115.0,1654.0,1923.0,185.0,349.0,370.0,104.0,714.0,1091.0
08041039,1715.0,6.0,154.0,1055.0,296.0,128.0,63.0,93.0,5774.0,1231.0,325.0,1223.0,1705.0,165.0,183.0,1.0,2.0,2.0,159.0,1038.0,1538.0
08041040,3502.0,36.0,332.0,849.0,1026.0,761.0,355.0,1111.0,14397.0,3037.0,1418.0,3022.0,3485.0,1102.0,1180.0,97.0,178.0,194.0,219.0,1663.0,2189.0
09010102,26.0,0.0,3.0,14.0,2.0,4.0,0.0,22.0,98.0,24.0,7.0,23.0,24.0,3.0,3.0,1.0,3.0,2.0,3.0,17.0,19.0
09010201,2227.0,18.0,362.0,578.0,818.0,330.0,87.0,252.0,8172.0,1735.0,228.0,1669.0,2159.0,0.0,0.0,2.0,4.0,4.0,226.0,1665.0,2155.0
09010202,4665.0,218.0,1439.0,1970.0,774.0,233.0,24.0,58.0,13469.0,2421.0,530.0,2395.0,4562.0,58.0,59.0,2.0,3.0,4.0,470.0,2333.0,4500.0
09010301,9236.0,217.0,2120.0,3296.0,2682.0,813.0,76.0,241.0,29835.0,5715.0,1064.0,5678.0,9184.0,63.0,78.0,9.0,16.0,18.0,992.0,5584.0,9103.0
09010302,1130.0,1.0,37.0,151.0,311.0,339.0,193.0,760.0,5385.0,1201.0,1014.0,1194.0,1124.0,942.0,1044.0,56.0,100.0,112.0,16.0,50.0,70.0
09010401,4819.0,272.0,582.0,1897.0,1597.0,308.0,110.0,410.0,16125.0,3118.0,1061.0,3049.0,4653.0,580.0,582.0,35.0,58.0,70.0,446.0,2408.0,4003.0
09010402,5769.0,225.0,1182.0,2025.0,1342.0,569.0,260.0,1279.0,19716.0,4316.0,1457.0,4236.0,5674.0,830.0,1049.0,69.0,128.0,138.0,558.0,3059.0,4706.0
09020501,3504.0,245.0,866.0,1518.0,627.0,165.0,37.0,349.0,10435.0,2284.0,448.0,2245.0,3452.0,172.0,163.0,4.0,6.0,8.0,272.0,2075.0,3272.0
09020502,8438.0,506.0,1083.0,3850.0,2467.0,435.0,68.0,256.0,26929.0,5253.0,895.0,5085.0,8021.0,65.0,64.0,9.0,19.0,18.0,821.0,5002.0,7938.0
09020601,4206.0,176.0,822.0,1653.0,1125.0,394.0,29.0,61.0,13484.0,2752.0,400.0,2680.0,4128.0,8.0,12.0,0.0,0.0,0.0,392.0,2667.0,4120.0
09020602,1972.0,92.0,201.0,792.0,572.0,214.0,68.0,248.0,6884.0,1315.0,630.0,1272.0,1854.0,473.0,431.0,12.0,19.0,24.0,145.0,822.0,1357.0
09020701,824.0,349.0,156.0,166.0,101.0,27.0,1.0,304.0,2008.0,511.0,68.0,487.0,756.0,34.0,26.0,1.0,2.0,2.0,33.0,459.0,720.0
09020702,9415.0,330.0,2087.0,3568.0,2299.0,833.0,191.0,858.0,30573.0,6221.0,1986.0,6114.0,9300.0,974.0,926.0,63.0,106.0,126.0,949.0,5081.0,8200.0
09020801,1672.0,15.0,132.0,651.0,680.0,119.0,45.0,229.0,6046.0,1119.0,281.0,1113.0,1667.0,102.0,124.0,21.0,34.0,42.0,158.0,956.0,1523.0
09020802,4291.0,117.0,653.0,1472.0,1552.0,415.0,22.0,487.0,14741.0,2802.0,516.0,2754.0,4204.0,97.0,115.0,16.0,38.0,32.0,403.0,2600.0,4075.0
09030901,5739.0,190.0,324.0,1175.0,1616.0,1365.0,701.0,2838.0,24696.0,5282.0,3619.0,5185.0,5511.0,3115.0,3420.0,208.0,367.0,416.0,296.0,1398.0,1980.0
09030902,2807.0,63.0,658.0,645.0,983.0,414.0,43.0,9.0,9583.0,1780.0,140.0,1727.0,2704.0,0.0,0.0,0.0,0.0,0.0,140.0,1727.0,2704.0
09030903,3543.0,37.0,842.0,1392.0,540.0,397.0,243.0,726.0,12226.0,2870.0,1294.0,2858.0,3508.0,962.0,1042.0,38.0,70.0,76.0,294.0,1746.0,2470.0
09031001,5813.0,139.0,364.0,1417.0,1418.0,1391.0,754.0,2575.0,24844.0,5143.0,3835.0,5061.0,5681.0,3236.0,3394.0,287.0,485.0,574.0,312.0,1181.0,1871.0
09031101,3182.0,91.0,440.0,798.0,1076.0,487.0,158.0,1061.0,12113.0,2491.0,927.0,2457.0,3144.0,555.0,663.0,65.0,128.0,130.0,307.0,1667.0,2459.0
09031201,869.0,7.0,43.0,177.0,218.0,199.0,142.0,677.0,4020.0,928.0,645.0,922.0,861.0,551.0,655.0,52.0,98.0,104.0,42.0,168.0,206.0
09031202,1157.0,8.0,96.0,193.0,305.0,267.0,157.0,1056.0,5332.0,1222.0,863.0,1197.0,1117.0,747.0,894.0,75.0,134.0,150.0,41.0,169.0,220.0
09041301,7982.0,100.0,757.0,2275.0,3090.0,1166.0,441.0,1204.0,30479.0,5650.0,2175.0,5628.0,7952.0,1594.0,1701.0,86.0,147.0,172.0,495.0,3780.0,6186.0
09041302,949.0,0.0,58.0,233.0,326.0,161.0,91.0,654.0,4124.0,987.0,397.0,986.0,947.0,246.0,355.0,57.0,111.0,114.0,94.0,520.0,587.0
09041401,2808.0,334.0,556.0,1021.0,703.0,126.0,54.0,122.0,8397.0,1897.0,149.0,1854.0,2602.0,49.0,59.0,5.0,12.0,10.0,95.0,1783.0,2543.0
09041402,742.0,1.0,79.0,141.0,235.0,210.0,46.0,226.0,3074.0,614.0,347.0,612.0,740.0,290.0,290.0,11.0,22.0,22.0,46.0,300.0,428.0
09041501,3915.0,89.0,568.0,1407.0,1297.0,460.0,66.0,223.0,13553.0,2649.0,464.0,2594.0,3842.0,67.0,90.0,27.0,55.0,54.0,370.0,2448.0,3721.0
09041601,3067.0,10.0,177.0,647.0,907.0,696.0,422.0,1647.0,13592.0,3045.0,2459.0,3020.0,3038.0,2211.0,2363.0,155.0,279.0,310.0,93.0,379.0,517.0
09051701,2143.0,156.0,77.0,596.0,961.0,227.0,81.0,352.0,7915.0,1473.0,455.0,1423.0,1981.0,162.0,206.0,31.0,62.0,62.0,262.0,1155.0,1757.0
09051702,7762.0,107.0,670.0,2473.0,3000.0,1045.0,288.0,1423.0,29242.0,5858.0,1781.0,5704.0,7563.0,708.0,808.0,181.0,358.0,362.0,892.0,4537.0,6493.0
09051801,4283.0,24.0,276.0,831.0,1151.0,976.0,602.0,3322.0,19487.0,4436.0,3113.0,4349.0,4141.0,2619.0,3034.0,310.0,595.0,620.0,184.0,720.0,902.0
09051901,6275.0,144.0,1067.0,2432.0,1971.0,536.0,100.0,207.0,20945.0,4475.0,739.0,4388.0,6148.0,102.0,121.0,16.0,30.0,32.0,621.0,4236.0,6014.0
09052001,7226.0,92.0,485.0,1984.0,2799.0,1143.0,437.0,2262.0,28809.0,5406.0,2574.0,5318.0,7089.0,1692.0,1917.0,175.0,300.0,350.0,707.0,3101.0,5047.0
10010102,9243.0,19.0,1878.0,1867.0,3765.0,1377.0,325.0,96.0,33367.0,5801.0,479.0,5792.0,9231.0,1.0,2.0,1.0,1.0,2.0,477.0,5789.0,9228.0
10010203,336.0,330.0,1.0,2.0,0.0,1.0,1.0,7.0,356.0,122.0,1.0,1.0,1.0,1.0,1.0,0.0,0.0,0.0,0.0,0.0,0.0
10010204,5355.0,55.0,736.0,970.0,1927.0,1272.0,369.0,193.0,20912.0,3494.0,258.0,3486.0,5343.0,0.0,0.0,1.0,2.0,2.0,257.0,3484.0,5341.0
10010205,4768.0,165.0,940.0,1220.0,1711.0,628.0,100.0,32.0,16321.0,2884.0,245.0,2883.0,4767.0,0.0,0.0,0.0,0.0,0.0,245.0,2883.0,4767.0
10010206,9681.0,336.0,1453.0,2727.0,2606.0,1782.0,734.0,318.0,35479.0,6062.0,478.0,4806.0,7586.0,174.0,196.0,13.0,27.0,26.0,291.0,4583.0,7386.0
10010207,5792.0,10.0,1055.0,1269.0,2275.0,964.0,219.0,0.0,21161.0,3742.0,108.0,2131.0,3430.0,0.0,0.0,1.0,2.0,2.0,107.0,2130.0,3428.0
10010308,996.0,5.0,92.0,211.0,225.0,260.0,127.0,578.0,4362.0,907.0,549.0,829.0,893.0,461.0,550.0,48.0,77.0,96.0,40.0,202.0,336.0
10010309,8338.0,95.0,1174.0,2598.0,2438.0,1544.0,416.0,520.0,30725.0,5176.0,248.0,5174.0,8336.0,1.0,2.0,1.0,3.0,2.0,246.0,5169.0,8333.0
10010310,9628.0,43.0,1298.0,2089.0,3546.0,2060.0,480.0,857.0,37127.0,6682.0,1267.0,6645.0,9587.0,815.0,916.0,63.0,104.0,126.0,389.0,5625.0,8646.0
10010311,1409.0,83.0,106.0,939.0,184.0,70.0,22.0,45.0,4375.0,1059.0,156.0,1003.0,1291.0,1.0,1.0,0.0,0.0,0.0,155.0,1002.0,1290.0
10020412,3302.0,660.0,709.0,947.0,699.0,264.0,13.0,83.0,9196.0,2082.0,160.0,2081.0,3301.0,20.0,24.0,1.0,2.0,2.0,139.0,2055.0,3279.0
10020413,8773.0,861.0,1714.0,3847.0,1972.0,343.0,25.0,97.0,25680.0,5178.0,750.0,5176.0,8771.0,10.0,14.0,7.0,8.0,14.0,733.0,5154.0,8747.0
10020414,863.0,60.0,301.0,247.0,225.0,14.0,0.0,112.0,2485.0,535.0,79.0,528.0,852.0,3.0,3.0,0.0,0.0,0.0,76.0,525.0,849.0
10020415,2774.0,61.0,459.0,765.0,1050.0,417.0,20.0,17.0,9696.0,1710.0,234.0,1707.0,2768.0,0.0,0.0,0.0,0.0,0.0,234.0,1707.0,2768.0
10020416,2820.0,55.0,421.0,830.0,1131.0,353.0,24.0,56.0,9876.0,1759.0,244.0,1758.0,2818.0,1.0,1.0,0.0,0.0,0.0,243.0,1757.0,2817.0
10020517,5001.0,123.0,473.0,1355.0,1642.0,1135.0,257.0,115.0,19034.0,3230.0,443.0,3229.0,5000.0,2.0,2.0,1.0,2.0,2.0,440.0,3226.0,4996.0
10020518,2540.0,361.0,483.0,1144.0,521.0,24.0,4.0,23.0,7010.0,1637.0,216.0,1637.0,2540.0,17.0,19.0,1.0,2.0,2.0,198.0,1616.0,2521.0
10020519,2969.0,209.0,197.0,712.0,1222.0,552.0,70.0,63.0,10870.0,1779.0,278.0,1726.0,2760.0,35.0,40.0,1.0,1.0,2.0,242.0,1685.0,2723.0
10020620,2025.0,43.0,167.0,601.0,993.0,204.0,13.0,29.0,7279.0,1175.0,217.0,1170.0,2018.0,45.0,53.0,0.0,0.0,0.0,172.0,1116.0,1973.0
10020621,3323.0,571.0,659.0,1344.0,655.0,89.0,3.0,19.0,9023.0,2043.0,233.0,2043.0,3323.0,1.0,2.0,0.0,0.0,0.0,232.0,2041.0,3322.0
10020622,4516.0,10.0,413.0,1051.0,1982.0,949.0,92.0,143.0,17357.0,2698.0,403.0,2698.0,4516.0,37.0,47.0,3.0,5.0,6.0,363.0,2646.0,4473.0
10020623,3624.0,437.0,902.0,1415.0,738.0,129.0,2.0,8.0,10103.0,2330.0,234.0,2330.0,3624.0,24.0,24.0,0.0,0.0,0.0,210.0,2306.0,3600.0
10030724,3899.0,414.0,225.0,594.0,1187.0,802.0,433.0,1857.0,15859.0,3424.0,2242.0,3253.0,3380.0,1858.0,2081.0,214.0,367.0,428.0,170.0,805.0,1094.0
10030725,3305.0,7.0,338.0,1235.0,1002.0,473.0,208.0,334.0,12343.0,2119.0,576.0,2114.0,3300.0,372.0,412.0,25.0,46.0,50.0,179.0,1656.0,2878.0
10030726,1291.0,4.0,49.0,335.0,327.0,327.0,161.0,668.0,5684.0,1210.0,860.0,1167.0,1246.0,755.0,819.0,52.0,90.0,104.0,53.0,258.0,387.0
10030727,3956.0,15.0,121.0,479.0,1071.0,1254.0,626.0,2990.0,18994.0,4201.0,3411.0,4179.0,3932.0,3123.0,3504.0,201.0,362.0,402.0,87.0,314.0,407.0
10040828,3557.0,83.0,258.0,777.0,925.0,799.0,472.0,1877.0,15334.0,3421.0,2339.0,3379.0,3500.0,1960.0,2212.0,204.0,354.0,408.0,175.0,813.0,1132.0
10040829,1816.0,17.0,227.0,439.0,497.0,364.0,189.0,648.0,7378.0,1621.0,1015.0,1576.0,1753.0,785.0,879.0,93.0,158.0,186.0,137.0,539.0,782.0
10040830,3354.0,19.0,122.0,511.0,805.0,1030.0,580.0,2234.0,15880.0,3524.0,2850.0,3489.0,3312.0,2567.0,2883.0,221.0,393.0,442.0,62.0,213.0,303.0
10040931,4092.0,37.0,122.0,585.0,990.0,1308.0,695.0,2773.0,19479.0,4249.0,3385.0,4208.0,4049.0,3043.0,3418.0,221.0,373.0,442.0,121.0,417.0,564.0
10040932,1857.0,28.0,128.0,371.0,504.0,439.0,227.0,1248.0,8218.0,1822.0,1220.0,1777.0,1803.0,1002.0,1148.0,106.0,194.0,212.0,112.0,435.0,589.0
10040933,6662.0,27.0,292.0,1042.0,1726.0,1961.0,992.0,4864.0,31262.0,6928.0,5377.0,6860.0,6577.0,4790.0,5451.0,401.0,696.0,802.0,186.0,713.0,985.0
11010102,1141.0,4.0,47.0,157.0,307.0,338.0,187.0,800.0,5409.0,1167.0,946.0,1157.0,1128.0,863.0,944.0,45.0,76.0,90.0,38.0,137.0,175.0
11010103,570.0,16.0,47.0,110.0,113.0,150.0,92.0,341.0,2535.0,582.0,425.0,564.0,548.0,371.0,442.0,23.0,36.0,46.0,31.0,87.0,131.0
11010204,4584.0,166.0,649.0,767.0,2224.0,757.0,15.0,46.0,16582.0,2919.0,224.0,2916.0,4582.0,0.0,0.0,0.0,0.0,0.0,224.0,2916.0,4582.0
11010205,3662.0,206.0,524.0,759.0,1561.0,566.0,40.0,49.0,12894.0,2253.0,162.0,2252.0,3661.0,0.0,0.0,0.0,0.0,0.0,162.0,2252.0,3661.0
11010206,3330.0,19.0,298.0,1064.0,1429.0,475.0,45.0,0.0,12168.0,2025.0,239.0,2024.0,3329.0,24.0,28.0,1.0,3.0,2.0,214.0,1993.0,3303.0
11010207,3727.0,0.0,391.0,923.0,1629.0,660.0,119.0,42.0,14123.0,2200.0,383.0,2200.0,3727.0,95.0,114.0,1.0,2.0,2.0,287.0,2084.0,3630.0
11010308,6254.0,173.0,1086.0,1650.0,2524.0,778.0,37.0,48.0,21551.0,3895.0,159.0,3889.0,6244.0,0.0,0.0,0.0,0.0,0.0,159.0,3889.0,6244.0
11010309,5029.0,69.0,1029.0,1108.0,1826.0,828.0,163.0,47.0,17920.0,3137.0,255.0,3134.0,5026.0,59.0,62.0,0.0,0.0,0.0,196.0,3071.0,4967.0
11010310,3220.0,31.0,698.0,606.0,1273.0,556.0,41.0,116.0,11479.0,2045.0,179.0,2044.0,3219.0,18.0,22.0,0.0,0.0,0.0,161.0,2021.0,3201.0
11020411,4203.0,147.0,408.0,838.0,1187.0,1017.0,400.0,1583.0,17293.0,3565.0,1914.0,3552.0,4188.0,1612.0,1830.0,95.0,161.0,190.0,207.0,1561.0,2386.0
11020412,3358.0,5.0,372.0,960.0,1254.0,695.0,33.0,304.0,12622.0,2326.0,310.0,2290.0,3321.0,79.0,94.0,4.0,7.0,8.0,227.0,2189.0,3234.0
11020513,1606.0,0.0,247.0,374.0,447.0,332.0,131.0,639.0,6489.0,1470.0,475.0,1436.0,1530.0,258.0,361.0,72.0,147.0,144.0,145.0,928.0,1128.0
11020514,5293.0,43.0,654.0,2485.0,1700.0,347.0,46.0,148.0,17765.0,3310.0,555.0,3219.0,5167.0,28.0,39.0,7.0,14.0,14.0,520.0,3165.0,5125.0
11020515,7922.0,460.0,1321.0,2583.0,2248.0,1080.0,177.0,388.0,26693.0,4997.0,419.0,4997.0,7922.0,30.0,33.0,0.0,0.0,0.0,389.0,4964.0,7892.0
11020516,1791.0,40.0,209.0,739.0,413.0,253.0,72.0,506.0,6530.0,1466.0,610.0,1463.0,1788.0,444.0,476.0,32.0,54.0,64.0,134.0,933.0,1280.0
11030617,3547.0,0.0,679.0,1350.0,1311.0,200.0,6.0,8.0,11696.0,1972.0,159.0,1966.0,3536.0,2.0,2.0,1.0,2.0,2.0,156.0,1961.0,3532.0
11030618,9233.0,242.0,1577.0,3143.0,3131.0,1097.0,27.0,126.0,31122.0,5542.0,350.0,5400.0,8949.0,1.0,0.0,2.0,9.0,4.0,347.0,5391.0,8944.0
11030619,6220.0,60.0,1621.0,1903.0,1740.0,760.0,132.0,29.0,20592.0,3616.0,178.0,3609.0,6213.0,0.0,0.0,0.0,0.0,0.0,178.0,3609.0,6213.0
11030720,2366.0,143.0,792.0,606.0,653.0,147.0,20.0,41.0,7053.0,1425.0,92.0,1359.0,2198.0,7.0,6.0,2.0,4.0,4.0,83.0,1349.0,2187.0
11030721,12747.0,251.0,2523.0,4607.0,3902.0,1121.0,292.0,447.0,42530.0,8396.0,1640.0,8114.0,12378.0,481.0,623.0,12.0,22.0,24.0,1147.0,7470.0,11873.0
11030824,5148.0,303.0,773.0,1011.0,1824.0,1045.0,186.0,53.0,18572.0,3310.0,117.0,3141.0,4783.0,3.0,4.0,1.0,2.0,2.0,113.0,3136.0,4778.0
11040925,2098.0,84.0,559.0,684.0,563.0,163.0,25.0,166.0,6637.0,1523.0,236.0,1496.0,2065.0,11.0,16.0,0.0,0.0,0.0,225.0,1480.0,2054.0
11040926,16375.0,335.0,2926.0,7041.0,4674.0,1224.0,135.0,304.0,53240.0,10198.0,1560.0,10045.0,16172.0,71.0,83.0,13.0,26.0,26.0,1476.0,9935.0,16075.0
11041022,3000.0,50.0,457.0,1634.0,651.0,177.0,22.0,64.0,9551.0,1890.0,216.0,1889.0,2999.0,19.0,22.0,1.0,2.0,2.0,196.0,1865.0,2978.0
11041023,3127.0,98.0,502.0,1073.0,926.0,441.0,86.0,7.0,10753.0,1996.0,205.0,1994.0,3126.0,78.0,93.0,0.0,0.0,0.0,127.0,1901.0,3048.0
11041027,1554.0,123.0,250.0,564.0,400.0,145.0,23.0,345.0,5123.0,970.0,144.0,963.0,1547.0,42.0,46.0,19.0,25.0,38.0,83.0,892.0,1467.0
11041128,14497.0,738.0,2073.0,4936.0,5192.0,1423.0,109.0,203.0,48432.0,8765.0,782.0,8588.0,14132.0,34.0,45.0,3.0,7.0,6.0,745.0,8537.0,14092.0
11051229,1750.0,6.0,189.0,740.0,375.0,197.0,113.0,1027.0,6794.0,1592.0,433.0,1547.0,1685.0,239.0,427.0,9.0,22.0,18.0,185.0,1098.0,1428.0
11051330,5007.0,479.0,686.0,1806.0,1494.0,409.0,90.0,359.0,16189.0,3355.0,641.0,3152.0,4283.0,127.0,167.0,34.0,63.0,68.0,480.0,2922.0,4088.0
11051331,5230.0,45.0,414.0,1487.0,1861.0,826.0,369.0,1840.0,20962.0,4312.0,1473.0,4265.0,5177.0,850.0,1063.0,125.0,231.0,250.0,498.0,2972.0,4077.0
11051332,3037.0,22.0,169.0,769.0,969.0,605.0,300.0,1574.0,12942.0,2841.0,1165.0,2786.0,2973.0,798.0,1023.0,84.0,157.0,168.0,283.0,1606.0,2007.0
12103116,4718.0,263.0,932.0,1791.0,1309.0,329.0,75.0,141.0,14972.0,3032.0,545.0,2976.0,4633.0,28.0,32.0,17.0,21.0,34.0,500.0,2923.0,4571.0
12103117,5583.0,276.0,1196.0,2412.0,1340.0,261.0,50.0,368.0,17237.0,3450.0,614.0,3376.0,5474.0,62.0,79.0,9.0,18.0,18.0,543.0,3279.0,5394.0
12103218,6705.0,89.0,1444.0,2490.0,1934.0,585.0,115.0,356.0,22154.0,4351.0,935.0,4286.0,6625.0,243.0,240.0,31.0,51.0,62.0,661.0,3996.0,6320.0
12103219,4823.0,145.0,1127.0,1965.0,1149.0,319.0,78.0,300.0,15253.0,3024.0,591.0,2979.0,4766.0,100.0,96.0,3.0,5.0,6.0,488.0,2879.0,4660.0
12103220,2827.0,62.0,415.0,1095.0,1094.0,113.0,32.0,140.0,9450.0,1702.0,399.0,1696.0,2818.0,57.0,62.0,11.0,20.0,22.0,331.0,1614.0,2739.0
12214125,3319.0,47.0,341.0,835.0,913.0,569.0,363.0,1957.0,13866.0,2945.0,1712.0,2913.0,3281.0,1351.0,1577.0,140.0,252.0,280.0,221.0,1084.0,1650.0
12214126,4407.0,393.0,347.0,1735.0,1464.0,383.0,55.0,220.0,14613.0,2681.0,455.0,2649.0,4302.0,58.0,56.0,9.0,17.0,18.0,388.0,2577.0,4226.0
12214421,1501.0,74.0,215.0,681.0,425.0,92.0,8.0,46.0,4801.0,929.0,258.0,911.0,1483.0,74.0,85.0,2.0,3.0,4.0,182.0,824.0,1405.0
12214422,3938.0,279.0,709.0,1359.0,1177.0,371.0,29.0,115.0,12626.0,2452.0,296.0,2434.0,3916.0,16.0,16.0,7.0,10.0,14.0,273.0,2408.0,3886.0
12214423,3059.0,67.0,405.0,1025.0,1220.0,259.0,59.0,187.0,10668.0,2030.0,358.0,2014.0,3039.0,125.0,135.0,25.0,46.0,50.0,208.0,1832.0,2864.0
12214424,5478.0,150.0,798.0,2467.0,1614.0,331.0,69.0,384.0,18056.0,3485.0,723.0,3421.0,5393.0,120.0,126.0,9.0,21.0,18.0,594.0,3274.0,5255.0
12214527,6058.0,253.0,1392.0,2040.0,1529.0,614.0,148.0,642.0,19873.0,4492.0,695.0,4324.0,5825.0,153.0,223.0,37.0,77.0,74.0,505.0,4024.0,5598.0
12214528,33.0,1.0,1.0,6.0,11.0,7.0,2.0,38.0,150.0,35.0,21.0,34.0,32.0,17.0,20.0,2.0,4.0,4.0,2.0,10.0,11.0
12224229,2860.0,28.0,185.0,487.0,768.0,649.0,421.0,2511.0,13213.0,3041.0,1839.0,3016.0,2830.0,1477.0,1878.0,181.0,352.0,362.0,181.0,786.0,991.0
12224230,8032.0,53.0,476.0,1235.0,2116.0,1974.0,1230.0,7452.0,37876.0,8354.0,5818.0,8270.0,7947.0,4937.0,5849.0,559.0,992.0,1118.0,322.0,1429.0,1892.0
12231101,8197.0,109.0,819.0,1413.0,1983.0,1652.0,1120.0,8805.0,37703.0,8411.0,4560.0,8273.0,8029.0,3397.0,4422.0,519.0,1004.0,1038.0,644.0,2847.0,3594.0
12231102,7863.0,101.0,483.0,1201.0,1775.0,1649.0,1193.0,11788.0,38961.0,8915.0,4812.0,8853.0,7796.0,3779.0,5428.0,410.0,840.0,820.0,623.0,2585.0,3197.0
12301203,7460.0,385.0,1057.0,2417.0,2242.0,857.0,296.0,1632.0,26411.0,5206.0,1871.0,5171.0,7423.0,1051.0,1134.0,131.0,223.0,262.0,689.0,3815.0,6110.0
12301204,3051.0,67.0,402.0,741.0,725.0,588.0,329.0,1512.0,12420.0,2754.0,980.0,2734.0,3031.0,587.0,734.0,83.0,158.0,166.0,310.0,1841.0,2278.0
12301205,2517.0,72.0,231.0,643.0,632.0,444.0,238.0,2072.0,10711.0,2367.0,1098.0,2301.0,2452.0,710.0,945.0,159.0,300.0,318.0,229.0,1056.0,1424.0
12301206,2210.0,16.0,106.0,350.0,592.0,526.0,383.0,1874.0,10448.0,2285.0,1666.0,2267.0,2195.0,1460.0,1674.0,122.0,215.0,244.0,84.0,379.0,491.0
12302107,1285.0,6.0,78.0,279.0,344.0,297.0,173.0,874.0,5772.0,1240.0,732.0,1223.0,1268.0,603.0,697.0,67.0,122.0,134.0,62.0,405.0,531.0
12302108,6849.0,269.0,1280.0,1703.0,2209.0,1216.0,164.0,61.0,23899.0,4678.0,197.0,4488.0,6290.0,16.0,17.0,2.0,4.0,4.0,179.0,4467.0,6270.0
12302109,5103.0,7.0,1280.0,1109.0,1839.0,863.0,0.0,35.0,17600.0,3438.0,73.0,3362.0,4883.0,2.0,4.0,0.0,0.0,0.0,71.0,3358.0,4881.0
12302110,4275.0,1.0,628.0,1339.0,1247.0,998.0,52.0,74.0,15638.0,3123.0,190.0,3119.0,4270.0,47.0,54.0,6.0,12.0,12.0,137.0,3054.0,4211.0
12302211,1663.0,5.0,208.0,576.0,312.0,344.0,129.0,729.0,6620.0,1369.0,635.0,1328.0,1610.0,469.0,533.0,79.0,136.0,158.0,87.0,658.0,983.0
12302212,2636.0,0.0,610.0,597.0,830.0,514.0,49.0,282.0,9477.0,1896.0,238.0,1890.0,2629.0,126.0,158.0,8.0,17.0,16.0,104.0,1715.0,2487.0
12304313,3900.0,81.0,734.0,1697.0,874.0,330.0,113.0,581.0,13045.0,2607.0,849.0,2538.0,3816.0,335.0,381.0,59.0,98.0,118.0,455.0,2060.0,3363.0
12304314,5822.0,258.0,600.0,2296.0,1494.0,744.0,269.0,1260.0,20916.0,4008.0,1947.0,3987.0,5800.0,1189.0,1184.0,121.0,225.0,242.0,637.0,2578.0,4369.0
